<metadata xml:lang="en"><Esri><CreaDate>20220321</CreaDate><CreaTime>10032400</CreaTime><ArcGISFormat>1.0</ArcGISFormat><SyncOnce>FALSE</SyncOnce><DataProperties><lineage><Process ToolSource="c:\program files\arcgis\pro\Resources\ArcToolbox\Toolboxes\Data Management Tools.tbx\CreateFeatureclass" Date="20220315" Time="171342">CreateFeatureclass M:\UA_Ukraine\Workspace\CE20220223UKR\Mariupol_DA_20220314\Mariupol_DA_20220314_Mathieu\Default.gdb AOI Polygon # No No "PROJCS["WGS_1984_Web_Mercator_Auxiliary_Sphere",GEOGCS["GCS_WGS_1984",DATUM["D_WGS_1984",SPHEROID["WGS_1984",6378137.0,298.257223563]],PRIMEM["Greenwich",0.0],UNIT["Degree",0.0174532925199433]],PROJECTION["Mercator_Auxiliary_Sphere"],PARAMETER["False_Easting",0.0],PARAMETER["False_Northing",0.0],PARAMETER["Central_Meridian",0.0],PARAMETER["Standard_Parallel_1",0.0],PARAMETER["Auxiliary_Sphere_Type",0.0],UNIT["Meter",1.0]];-20037700 -30241100 10000;-100000 10000;-100000 10000;0.001;0.001;0.001;IsHighPrecision" # # # # #</Process><Process ToolSource="c:\program files\arcgis\pro\Resources\ArcToolbox\Toolboxes\Data Management Tools.tbx\UpdateSchema" Date="20220315" Time="171343">UpdateSchema M:\UA_Ukraine\Workspace\CE20220223UKR\Mariupol_DA_20220314\Mariupol_DA_20220314_Mathieu\Default.gdb\AOI &lt;operationSequence&gt;&lt;workflow&gt;&lt;AlterField&gt;&lt;field_name&gt;OBJECTID&lt;/field_name&gt;&lt;field_alias&gt;OBJECTID&lt;/field_alias&gt;&lt;/AlterField&gt;&lt;/workflow&gt;&lt;workflow&gt;&lt;AlterField&gt;&lt;field_name&gt;SHAPE&lt;/field_name&gt;&lt;field_alias&gt;SHAPE&lt;/field_alias&gt;&lt;/AlterField&gt;&lt;/workflow&gt;&lt;/operationSequence&gt;</Process><Process ToolSource="c:\users\domingom\appdata\local\programs\arcgis\pro\Resources\ArcToolbox\Toolboxes\Data Management Tools.tbx\CopyMultiple" Date="20220321" Time="100325">CopyMultiple "M:\UA_Ukraine\Workspace\CE20220223UKR\Mariupol_DA_20220314\Mariupol_DA_20220314_Mathieu\Default.gdb\AOI FeatureClass" M:\UA_Ukraine\Workspace\CE20220223UKR\Mariupol_DA_20220314\Mariupol_DA_20220314_Mathieu\Default.gdb AOI_1 "AOI FeatureClass AOI_1 #"</Process><Process ToolSource="c:\users\domingom\appdata\local\programs\arcgis\pro\Resources\ArcToolbox\Toolboxes\Data Management Tools.tbx\Rename" Date="20220321" Time="100354">Rename M:\UA_Ukraine\Workspace\CE20220223UKR\Mariupol_DA_20220314\Mariupol_DA_20220314_Mathieu\Default.gdb\AOI_1 M:\UA_Ukraine\Workspace\CE20220223UKR\Mariupol_DA_20220314\Mariupol_DA_20220314_Mathieu\Default.gdb\AOI_all_districts FeatureClass</Process><Process ToolSource="c:\program files\arcgis\pro\Resources\ArcToolbox\toolboxes\Conversion Tools.tbx\FeatureClassToFeatureClass" Date="20220321" Time="115242">FeatureClassToFeatureClass AOI_all_districts M:\UA_Ukraine\Workspace\CE20220223UKR\Mariupol_DA_20220314\Mariupol_DA_20220314_Solange\Mariupol_DA_20220314_Mathieu\Default.gdb AOI_all_districts # "Shape_Length "Shape_Length" false true true 8 Double 0 0,First,#,AOI_all_districts,Shape_Length,-1,-1;Shape_Area "Shape_Area" false true true 8 Double 0 0,First,#,AOI_all_districts,Shape_Area,-1,-1" #</Process><Process ToolSource="c:\program files\arcgis\pro\Resources\ArcToolbox\toolboxes\Conversion Tools.tbx\FeatureClassToFeatureClass" Date="20220321" Time="120010">FeatureClassToFeatureClass "AOI_all_districts selection" M:\UA_Ukraine\Workspace\CE20220223UKR\Mariupol_DA_20220314\Mariupol_DA_20220314_Solange\Mariupol_DA_20220314_Mathieu\Default.gdb AOI_Solange # "Shape_Length "Shape_Length" false true true 8 Double 0 0,First,#,AOI_all_districts selection,Shape_Length,-1,-1;Shape_Area "Shape_Area" false true true 8 Double 0 0,First,#,AOI_all_districts selection,Shape_Area,-1,-1" #</Process><Process ToolSource="c:\users\domingom\appdata\local\programs\arcgis\pro\Resources\ArcToolbox\toolboxes\Data Management Tools.tbx\Merge" Date="20220325" Time="103247">Merge AOI_Solange;Analyzed_districts M:\UA_Ukraine\Workspace\CE20220223UKR\Mariupol_DA_20220314\Mariupol_DA_20220314_Mathieu\Default.gdb\Analyzed_AOIs_temp2 "Shape_Length "Shape_Length" false true true 8 Double 0 0,First,#,AOI_Solange,Shape_Length,-1,-1,Analyzed_districts,Shape_Length,-1,-1;Shape_Area "Shape_Area" false true true 8 Double 0 0,First,#,AOI_Solange,Shape_Area,-1,-1,Analyzed_districts,Shape_Area,-1,-1" NO_SOURCE_INFO</Process><Process ToolSource="c:\program files\arcgis\pro\Resources\ArcToolbox\toolboxes\Conversion Tools.tbx\FeatureClassToFeatureClass" Date="20220615" Time="155218">FeatureClassToFeatureClass Vector\Analyzed_AOIs_temp2 M:\UA_Ukraine\Web_Publish\CE20220223UKR\Mariupol\Geodatabase\UNOSAT_LivoberezhnyiDistrict_DA_12May2022.gdb Mariupol_Livoberezhyny_AOI_12May2022 # "Shape_Length "Shape_Length" false true true 8 Double 0 0,First,#,Vector\Analyzed_AOIs_temp2,Shape_Length,-1,-1;Shape_Area "Shape_Area" false true true 8 Double 0 0,First,#,Vector\Analyzed_AOIs_temp2,Shape_Area,-1,-1" #</Process><Process ToolSource="c:\program files\arcgis\pro\Resources\ArcToolbox\toolboxes\Data Management Tools.tbx\Rename" Date="20220615" Time="155317">Rename M:\UA_Ukraine\Web_Publish\CE20220223UKR\Mariupol\Geodatabase\UNOSAT_LivoberezhnyiDistrict_DA_12May2022.gdb\Mariupol_Livoberezhyny_AOI_12May2022 M:\UA_Ukraine\Web_Publish\CE20220223UKR\Mariupol\Geodatabase\UNOSAT_LivoberezhnyiDistrict_DA_12May2022.gdb\UNOSAT_Mariupol_Livoberezhyny_AOI_12May2022 FeatureClass</Process><Process ToolSource="c:\program files\arcgis\pro\Resources\ArcToolbox\toolboxes\Conversion Tools.tbx\FeatureClassToFeatureClass" Date="20220615" Time="160642">FeatureClassToFeatureClass M:\UA_Ukraine\Web_Publish\CE20220223UKR\Mariupol\Geodatabase\UNOSAT_LivoberezhnyiDistrict_DA_12May2022.gdb\UNOSAT_Mariupol_Livoberezhyny_AOI_12May2022 M:\UA_Ukraine\Web_Publish\CE20220223UKR\Mariupol\Shapefiles UNOSAT_Mariupol_Livoberezhyny_AOI_12May2022.shp # "Shape_Length "Shape_Length" false true true 8 Double 0 0,First,#,M:\UA_Ukraine\Web_Publish\CE20220223UKR\Mariupol\Geodatabase\UNOSAT_LivoberezhnyiDistrict_DA_12May2022.gdb\UNOSAT_Mariupol_Livoberezhyny_AOI_12May2022,Shape_Length,-1,-1;Shape_Area "Shape_Area" false true true 8 Double 0 0,First,#,M:\UA_Ukraine\Web_Publish\CE20220223UKR\Mariupol\Geodatabase\UNOSAT_LivoberezhnyiDistrict_DA_12May2022.gdb\UNOSAT_Mariupol_Livoberezhyny_AOI_12May2022,Shape_Area,-1,-1" #</Process></lineage><itemProps><itemLocation><linkage Sync="TRUE">file://\\unosatdata02\gis\UA_Ukraine\Web_Publish\CE20220223UKR\Mariupol\Shapefiles\UNOSAT_Mariupol_Livoberezhyny_AOI_12May2022.shp</linkage><protocol Sync="TRUE">Local Area Network</protocol></itemLocation><itemName Sync="TRUE">UNOSAT_Mariupol_Livoberezhyny_AOI_12May2022</itemName><imsContentType Sync="TRUE">002</imsContentType><itemSize Sync="TRUE">0.000</itemSize></itemProps><coordRef><type Sync="TRUE">Projected</type><geogcsn Sync="TRUE">GCS_WGS_1984</geogcsn><csUnits Sync="TRUE">Linear Unit: Meter (1.000000)</csUnits><projcsn Sync="TRUE">WGS_1984_Web_Mercator_Auxiliary_Sphere</projcsn><peXml Sync="TRUE">&lt;ProjectedCoordinateSystem xsi:type='typens:ProjectedCoordinateSystem' xmlns:xsi='http://www.w3.org/2001/XMLSchema-instance' xmlns:xs='http://www.w3.org/2001/XMLSchema' xmlns:typens='http://www.esri.com/schemas/ArcGIS/2.9.0'&gt;&lt;WKT&gt;PROJCS[&amp;quot;WGS_1984_Web_Mercator_Auxiliary_Sphere&amp;quot;,GEOGCS[&amp;quot;GCS_WGS_1984&amp;quot;,DATUM[&amp;quot;D_WGS_1984&amp;quot;,SPHEROID[&amp;quot;WGS_1984&amp;quot;,6378137.0,298.257223563]],PRIMEM[&amp;quot;Greenwich&amp;quot;,0.0],UNIT[&amp;quot;Degree&amp;quot;,0.0174532925199433]],PROJECTION[&amp;quot;Mercator_Auxiliary_Sphere&amp;quot;],PARAMETER[&amp;quot;False_Easting&amp;quot;,0.0],PARAMETER[&amp;quot;False_Northing&amp;quot;,0.0],PARAMETER[&amp;quot;Central_Meridian&amp;quot;,0.0],PARAMETER[&amp;quot;Standard_Parallel_1&amp;quot;,0.0],PARAMETER[&amp;quot;Auxiliary_Sphere_Type&amp;quot;,0.0],UNIT[&amp;quot;Meter&amp;quot;,1.0],AUTHORITY[&amp;quot;EPSG&amp;quot;,3857]]&lt;/WKT&gt;&lt;XOrigin&gt;-20037700&lt;/XOrigin&gt;&lt;YOrigin&gt;-30241100&lt;/YOrigin&gt;&lt;XYScale&gt;148923141.92838538&lt;/XYScale&gt;&lt;ZOrigin&gt;-100000&lt;/ZOrigin&gt;&lt;ZScale&gt;10000&lt;/ZScale&gt;&lt;MOrigin&gt;-100000&lt;/MOrigin&gt;&lt;MScale&gt;10000&lt;/MScale&gt;&lt;XYTolerance&gt;0.001&lt;/XYTolerance&gt;&lt;ZTolerance&gt;0.001&lt;/ZTolerance&gt;&lt;MTolerance&gt;0.001&lt;/MTolerance&gt;&lt;HighPrecision&gt;true&lt;/HighPrecision&gt;&lt;WKID&gt;102100&lt;/WKID&gt;&lt;LatestWKID&gt;3857&lt;/LatestWKID&gt;&lt;/ProjectedCoordinateSystem&gt;</peXml></coordRef></DataProperties><SyncDate>20220615</SyncDate><SyncTime>16064200</SyncTime><ModDate>20220615</ModDate><ModTime>16064200</ModTime></Esri><dataIdInfo><envirDesc Sync="TRUE">Microsoft Windows 10 Version 10.0 (Build 19044) ; Esri ArcGIS 12.9.3.32739</envirDesc><dataLang><languageCode value="eng" Sync="TRUE"></languageCode><countryCode value="CHE" Sync="TRUE"></countryCode></dataLang><idCitation><resTitle Sync="TRUE">UNOSAT_Mariupol_Livoberezhyny_AOI_12May2022</resTitle><presForm><PresFormCd value="005" Sync="TRUE"></PresFormCd></presForm></idCitation><spatRpType><SpatRepTypCd value="001" Sync="TRUE"></SpatRepTypCd></spatRpType></dataIdInfo><mdLang><languageCode value="eng" Sync="TRUE"></languageCode><countryCode value="CHE" Sync="TRUE"></countryCode></mdLang><distInfo><distFormat><formatName Sync="TRUE">Shapefile</formatName></distFormat><distTranOps><transSize Sync="TRUE">0.000</transSize></distTranOps></distInfo><mdHrLv><ScopeCd value="005" Sync="TRUE"></ScopeCd></mdHrLv><mdHrLvName Sync="TRUE">dataset</mdHrLvName><refSysInfo><RefSystem><refSysID><identCode code="3857" Sync="TRUE"></identCode><idCodeSpace Sync="TRUE">EPSG</idCodeSpace><idVersion Sync="TRUE">6.18.3(9.3.1.2)</idVersion></refSysID></RefSystem></refSysInfo><spatRepInfo><VectSpatRep><geometObjs Name="UNOSAT_Mariupol_Livoberezhyny_AOI_12May2022"><geoObjTyp><GeoObjTypCd value="002" Sync="TRUE"></GeoObjTypCd></geoObjTyp><geoObjCnt Sync="TRUE">0</geoObjCnt></geometObjs><topLvl><TopoLevCd value="001" Sync="TRUE"></TopoLevCd></topLvl></VectSpatRep></spatRepInfo><spdoinfo><ptvctinf><esriterm Name="UNOSAT_Mariupol_Livoberezhyny_AOI_12May2022"><efeatyp Sync="TRUE">Simple</efeatyp><efeageom code="4" Sync="TRUE"></efeageom><esritopo Sync="TRUE">FALSE</esritopo><efeacnt Sync="TRUE">0</efeacnt><spindex Sync="TRUE">FALSE</spindex><linrefer Sync="TRUE">FALSE</linrefer></esriterm></ptvctinf></spdoinfo><eainfo><detailed Name="UNOSAT_Mariupol_Livoberezhyny_AOI_12May2022"><enttyp><enttypl Sync="TRUE">UNOSAT_Mariupol_Livoberezhyny_AOI_12May2022</enttypl><enttypt Sync="TRUE">Feature Class</enttypt><enttypc Sync="TRUE">0</enttypc></enttyp><attr><attrlabl Sync="TRUE">FID</attrlabl><attalias Sync="TRUE">FID</attalias><attrtype Sync="TRUE">OID</attrtype><attwidth Sync="TRUE">4</attwidth><atprecis Sync="TRUE">0</atprecis><attscale Sync="TRUE">0</attscale><attrdef Sync="TRUE">Internal feature number.</attrdef><attrdefs Sync="TRUE">Esri</attrdefs><attrdomv><udom Sync="TRUE">Sequential unique whole numbers that are automatically generated.</udom></attrdomv></attr><attr><attrlabl Sync="TRUE">Shape</attrlabl><attalias Sync="TRUE">Shape</attalias><attrtype Sync="TRUE">Geometry</attrtype><attwidth Sync="TRUE">0</attwidth><atprecis Sync="TRUE">0</atprecis><attscale Sync="TRUE">0</attscale><attrdef Sync="TRUE">Feature geometry.</attrdef><attrdefs Sync="TRUE">Esri</attrdefs><attrdomv><udom Sync="TRUE">Coordinates defining the features.</udom></attrdomv></attr><attr><attrlabl Sync="TRUE">Shape_Leng</attrlabl><attalias Sync="TRUE">Shape_Leng</attalias><attrtype Sync="TRUE">Double</attrtype><attwidth Sync="TRUE">19</attwidth><atprecis Sync="TRUE">0</atprecis><attscale Sync="TRUE">0</attscale></attr><attr><attrlabl Sync="TRUE">Shape_Area</attrlabl><attalias Sync="TRUE">Shape_Area</attalias><attrtype Sync="TRUE">Double</attrtype><attwidth Sync="TRUE">19</attwidth><atprecis Sync="TRUE">0</atprecis><attscale Sync="TRUE">0</attscale><attrdef Sync="TRUE">Area of feature in internal units squared.</attrdef><attrdefs Sync="TRUE">Esri</attrdefs><attrdomv><udom Sync="TRUE">Positive real numbers that are automatically generated.</udom></attrdomv></attr></detailed></eainfo><mdDateSt Sync="TRUE">20220615</mdDateSt></metadata>
